{"averageStemLength":3.4536309526649145,"inGazList":0.41861981340749965,"inMorphList":0.7043604507861088,"hasTemplate":0.7788018579740704,"allWordCount":628857.0}