{"tmfEl":1.749205304226557E-5,"fElAn":0.00921672176663375,"fEAl":0.05270991656290699,"tfAEyl":4.627443122999346E-4,"tfEAl":2.0195370330615704E-4,"mfElC":3.2121770132160414E-4,"AftEl":0.002728760274593429,"mfEl":0.03268310601615312,"fElC":0.005136302847865254,"<fEAl":0.013845755076273301,"tftEl":0.001340527337693625,">nfEl":3.641527406071651E-4,"fAEyl":8.380283593885414E-4,"ttmfEl":1.1131306481441727E-5,"AfEAl":7.632895872988612E-5,"fEA}l":0.0028034990466831093,"nfAEl":2.0672426322677494E-4,"ntfAEl":5.088597248659075E-5,"fElAC":0.002132440284516194,"ytfAEl":3.975466600514902E-4,"fwAEyl":3.736938604484008E-4,"ttfElC":1.590186640205961E-5,"mftEl":0.005980691953814619,"fEAly":0.008978193770602856,"mfEAl":8.221264929864818E-4,"tfElC":1.749205304226557E-4,"mmfEl":2.5442986243295376E-5,"fEly":0.03537052143810119,"yfAEl":0.0012912315518472403,"fElp":9.541119841235765E-6,"nfEl":0.001957519754093538,"Y":0.22119814202592958,"mtfAEl":9.095867581978096E-4,"mnfEl":4.5002281917828695E-4,"ntfEl":2.0513407658656897E-4,"tnfEl":2.3375743611027627E-4,">tfEl":5.088597248659075E-5,"fwEl":0.0016522039191739935,">fEwl":0.0019670608739347736,"ytfEl":0.0018907319152048877,"fEAlyC":3.323490078030458E-4,"fElCC":8.746026521132785E-5,">fAEl":3.180373280411922E-4,">stfEl":6.837802552885632E-5,"AstfEl":8.714222788328666E-4,">fElA'":6.853704419287692E-4,"fwAEl":0.0012896413652070343,"tfAEl":0.006026807366380592,"AnfEl":4.309405794958154E-4,"fAEl":0.03410632305913745,"mfEwl":0.00863789382959878,"tfEl":0.019950481588023986,"mtfEl":0.004019991826440669,">fAEyl":3.498410608453114E-4,"nfElC":6.837802552885632E-5,"fEA'l":1.590186640205961E-6,"fEwl":0.018640167796494276,"fE":0.08113132238330813,"AftEAl":0.008943209664518325,"mfAEl":0.017932534741602623,"ynfEl":3.24398074602016E-4,"ttfAEl":4.0867796653293195E-4,"fElwC":0.00220081831004505,"fEAyl":7.155839880926824E-5,"ytmfEl":1.1131306481441727E-5,"yfEl":0.014060430272701107,"fEl":0.267340587764786,">fEl":0.018317359908532463,"fAElp":3.180373280411922E-6,"ttfEl":0.0012403455793606496,"AfEwl":2.1626538306801068E-4,"nftEl":2.512494891525418E-4,"nstfEl":9.859157169276959E-5,"tstfEl":4.48432632538081E-4,">tfAEl":1.590186640205961E-5,"AstfEAl":0.0031676517872902743,">ftEl":1.7014997050203784E-4,"AfEwAl":6.360746560823844E-6,"fElA'":0.003022944803031532,"mtfElC":3.498410608453114E-5,"AfEl":0.00610631669839089,"mfElAn":1.4311679761853648E-4,"mstfEl":0.0014566109624286603,"ystfEl":4.865971119030241E-4,"yftEl":0.001792140343512118,"fEyl":0.0321456229317635,"ytfElC":7.950933201029805E-6,"AnfEAl":0.0018191735163956193,"fEAlC":0.0010097685165307852,"fAEwl":0.0023805094003883235,"fEAlA":7.807816403411268E-4,"mfAEyl":8.841437719545143E-4,">fElC":8.746026521132785E-5,"mfEyl":3.418901276442816E-4,">fEAl":0.009415495096659494,"tfEyl":0.016663565802718265,"yfElC":7.31485854494742E-5}