{"":{"":0.7919025475131419,"+ات+ك":2.4069474130129204E-6,"+كن+نا":8.665010686846513E-5,"+كن+ن":4.813894826025841E-6,"+ن+نا":2.4069474130129204E-6,"+ان+هما":2.4069474130129204E-6,"+نا+ها":3.8511158608206726E-5,"+ات+ه":5.824812739491268E-4,"+ات+ي":2.6476421543142124E-5,"+ان+نا":2.4069474130129204E-6,"+نا":0.0035213640652379027,"+ي+ه":2.021835826930853E-4,"+ين+ا":9.627789652051681E-6,"+هم+نا":4.813894826025841E-6,"+_":6.474688541004756E-4,"+ي+ي":1.9255579304103363E-5,"+ي+نا":2.8883368956155048E-5,"+ات+هما":4.0918106021219646E-5,"+ا+نا":2.4069474130129204E-6,"+ن+ه":2.4069474130129204E-6,"+ي+ك":9.627789652051681E-6,"+ون+ها":4.813894826025841E-5,"+ات+نا":1.420098973677623E-4,"+ت+كم":5.054589567327133E-5,"+ت+كن":2.4069474130129204E-6,"+ت+هم":6.980147497737469E-4,"+ين":0.0038005699651474014,"+ان+ه":1.2034737065064602E-5,"+ها":0.01597972387499278,"+ت+ه":0.0036417114358885485,"+ت+هما":9.627789652051681E-5,"+ت+ي":1.6367242408487858E-4,"+هم+ة":2.4069474130129204E-6,"+ون+نا":1.4441684478077524E-5,"+ت+ك":5.295284308628425E-5,"+ت+ها":0.0025585851000327346,"+ت+ين":6.185854851443206E-4,"+ا+هم":4.813894826025841E-6,"+نا+ه":4.0918106021219646E-5,"+هم":0.004693547455375195,"+وا":0.003328808272196869,"+هن":3.3697263782180885E-5,"+كم":3.3456569040879594E-4,"+كن":4.813894826025841E-6,"+ات":0.013245431613810102,"+كما":0.001422505921090636,"+ي+هم":2.8883368956155048E-5,"+ي+هما":4.0918106021219646E-5,"+هم+ه":2.4069474130129204E-6,"+هما":0.00108794023068184,"+ي+كم":2.4069474130129204E-6,"+هم+ي":2.4069474130129204E-6,"+ات+هم":3.1049621627866675E-4,"+ا":0.0306259988831764,"+ات+هن":7.220842239038762E-6,"+ات+كم":1.2034737065064602E-5,"+ة":0.07602102709260009,"+ت":0.015777540292299694,"+ت+نا":3.3456569040879594E-4,"+كن+ت":1.0349873875955558E-4,"+ا+ها":9.627789652051681E-6,"+ا+هما":4.813894826025841E-6,"+ون":0.0037716865961912463,"+ن+ها":4.813894826025841E-6,"+ان":7.196772764908632E-4,"+ان+ها":2.4069474130129204E-6,"+ا+ي":4.813894826025841E-6,"+هم+ها":2.4069474130129204E-6,"+ا+ه":3.1290316369167965E-5,"+ون+ه":5.054589567327133E-5,"+ي+ها":1.1553347582462019E-4,"+ك":3.417865326478347E-4,"+ن":9.627789652051681E-5,"+ات+ها":7.389328557949666E-4,"+ه":0.019440914254905357,"+ون+هم":1.4441684478077524E-5,"+ي":0.0021614387768856026},"ب+":{"":0.6087479193637877,"+ت+ها":0.00434621786572961,"+ت+ين":0.0010171999260218236,"+هم":0.01044941742186055,"+ات+ه":0.0018494544109487702,"+هن":1.84945441094877E-4,"+كم":7.39781764379508E-4,"+ات+ي":9.24727205474385E-5,"+نا":0.004068799704087294,"+ات":0.0221009802108378,"+ي+ه":8.322544849269465E-4,"+ي+هما":9.24727205474385E-5,"+هما":0.003329017939707786,"+ي+نا":9.24727205474385E-5,"+ات+هما":9.24727205474385E-5,"+ات+هم":3.69890882189754E-4,"+ة":0.1827260958017385,"+ات+نا":1.84945441094877E-4,"+ت+نا":3.69890882189754E-4,"+ين":0.0026817088958757166,"+ت+هم":0.001109672646569262,"+ها":0.06944701313112632,"+ت+ه":0.007675235805437396,"+ت+هما":6.473090438320696E-4,"+ت+ي":6.473090438320696E-4,"+ي+ها":1.84945441094877E-4,"+هم+ة":9.24727205474385E-5,"+ك":5.54836323284631E-4,"+ات+ها":0.0017569816904013317,"+ه":0.07055668577769558,"+ي":0.002959127057518032},"ف+ب+ال+":{"":0.3333333333333333,"+ة":0.6666666666666666},"ب+ال+":{"":0.6598447424135497,"+ت+ين":0.002117148906139732,"+ين":0.012702893436838392,"+ة":0.26146788990825687,"+ات":0.06386732533521525},"ف+ال+":{"":0.6682242990654206,"+ون":0.014018691588785047,"+ان":0.02336448598130841,"+ة":0.24766355140186916,"+ات":0.04672897196261682},"ك+":{"":0.7656529516994633,"+ت+ها":0.0035778175313059034,"+ت+ه":0.0035778175313059034,"+ين":0.026833631484794274,"+هم":0.0035778175313059034,"+ها":0.01967799642218247,"+هن":0.0017889087656529517,"+ه":0.023255813953488372,"+نا":0.0017889087656529517,"+ة":0.13774597495527727,"+ات":0.01073345259391771,"+ي":0.0017889087656529517},"ف+":{"":0.8392857142857143,"+ت+ها":4.578754578754579E-4,"+ت+نا":9.157509157509158E-4,"+كن+ت":4.578754578754579E-4,"+ت+هم":4.578754578754579E-4,"+نا+ه":4.578754578754579E-4,"+ون":0.005494505494505495,"+هم":0.01694139194139194,"+ها":0.020604395604395604,"+وا":0.013736263736263736,"+نا":0.010073260073260074,"+ات":0.0013736263736263737,"+ت+ه":0.0013736263736263737,"+هما":0.0013736263736263737,"+ك":9.157509157509158E-4,"+ه":0.02197802197802198,"+ا":0.0086996336996337,"+ة":0.010073260073260074,"+ت":0.042582417582417584,"+ات+نا":9.157509157509158E-4,"+ي":0.0018315018315018315},"ف+ك+":{"":1.0},"ف+ل+ك+":{"":1.0},"ف+ل+ال+":{"+ة":1.0},"ف+ب+":{"":1.0},"و+ل+":{"":0.6547619047619048,"+ت+هم":0.003968253968253968,"+هم":0.011904761904761904,"+ها":0.051587301587301584,"+وا":0.007936507936507936,"+كم":0.003968253968253968,"+نا":0.007936507936507936,"+ات":0.023809523809523808,"+ت+ه":0.007936507936507936,"+ي+كن":0.007936507936507936,"+هما":0.007936507936507936,"+ات+ها":0.007936507936507936,"+ه":0.09523809523809523,"+ة":0.10317460317460317,"+ي":0.003968253968253968},"س+":{"":0.8564593301435407,"+ك":5.31632110579479E-4,"+ون":0.05263157894736842,"+هم":0.004784688995215311,"+ها":0.02764486975013291,"+ان":0.023923444976076555,"+ون+نا":5.31632110579479E-4,"+ه":0.029239766081871343,"+ون+ها":0.001594896331738437,"+نا":0.002658160552897395},"و+ب+ال+":{"":0.8223684210526315,"+ت+ين":0.006578947368421052,"+ة":0.16447368421052633,"+ات":0.006578947368421052},"ال+":{"":0.5951295127266192,"+ت+ين":0.0019844390028381223,"+ين":0.035001010940624085,"+ون":0.00528684504152345,"+هم":2.2465347201941005E-5,"+ان":0.001243082545174069,"+كم":2.9953796269254674E-5,"+ة":0.3072435767828125,"+ات":0.05398422932626424,"+ي":7.488449067313668E-5},"و+":{"":0.728730460864048,"+كن+نا":2.884005306569764E-5,"+نا+ها":5.768010613139528E-5,"+ات+ه":0.002018803714598835,"+ات+ي":2.884005306569764E-5,"+نا":0.005912210878468016,"+ي+ه":3.460806367883717E-4,"+ي+نا":5.768010613139528E-5,"+ي+هم+نا":2.884005306569764E-5,"+ات+هما":5.768010613139528E-5,"+ن+ه":2.884005306569764E-5,"+ون+ها":8.652015919709292E-5,"+ات+نا":2.3072042452558112E-4,"+ت+كم":5.768010613139528E-5,"+ت+هم":0.0012401222818249986,"+ين":0.004297167906788949,"+ها":0.023389283036280788,"+ت+ه":0.005969890984599412,"+ت+هما":2.3072042452558112E-4,"+ت+ي":1.1536021226279056E-4,"+ت+ك":1.442002653284882E-4,"+ت+ها":0.004499048278248832,"+ت+ين":1.7304031839418584E-4,"+نا+ه":2.884005306569764E-5,"+هم":0.009373017246351733,"+هن":8.652015919709292E-5,"+وا":0.008219415123723827,"+كم":6.633212205110458E-4,"+ات":0.012689623348906961,"+كما":3.460806367883717E-4,"+ي+هم":8.652015919709292E-5,"+هما":0.0016438830247447655,"+ات+هم":0.001124762069562208,"+ا":0.028061371632923805,"+ة":0.0525754167387668,"+ت":0.07371517563592317,"+ت+نا":3.749206898540693E-4,"+كن+ت":2.3072042452558112E-4,"+ا+ها":2.884005306569764E-5,"+ون":0.004729768702774413,"+ان":7.786814327738363E-4,"+ا+ه":8.652015919709292E-5,"+ون+ه":2.884005306569764E-5,"+هن+ات":2.884005306569764E-5,"+ي+ها":2.3072042452558112E-4,"+ك":2.5956047759127874E-4,"+ن":8.652015919709292E-5,"+ات+ها":0.0022206840860587184,"+ه":0.022552921497375554,"+ون+هم":5.768010613139528E-5,"+ي":0.0019611236084674396},"و+ال+":{"":0.5906121997121665,"+ت+ين":3.3211557622052476E-4,"+ين":0.05347060777150448,"+ون":0.009299236134174693,"+هم":2.214103841470165E-4,"+ان":0.0021033986493966565,"+ة":0.24377283294586516,"+ات":0.10018819882652497},"ل+":{"":0.5683339897597479,"+ت+ها":0.003446238676644348,"+ت+ين":3.9385584875935406E-4,"+هم":0.02195746356833399,"+ات+ه":1.9692792437967703E-4,"+هن":2.9539188656951555E-4,"+وا":0.0021662071681764474,"+كم":0.0013784954706577393,"+نا":0.011815675462780622,"+كن":0.0015754233950374162,"+ات":0.026683733753446237,"+ي+ه":5.907837731390311E-4,"+ي+هما":9.846396218983852E-5,"+ي+كن":9.846396218983852E-5,"+هما":0.003938558487593541,"+ي+نا":9.846396218983852E-5,"+ات+هما":9.846396218983852E-5,"+ات+هم":4.923198109491926E-4,"+ا":2.9539188656951555E-4,"+ة":0.19899566758566364,"+ت":0.0018708152816069318,"+ات+نا":8.861756597085467E-4,"+ت+نا":7.877116975187081E-4,"+ت+كم":9.846396218983852E-5,"+ت+كن":1.9692792437967703E-4,"+ين":0.006597085466719181,"+ت+هم":0.0018708152816069318,"+ها":0.06311539976368649,"+ت+ه":0.007384797164237889,"+ت+هما":3.9385584875935406E-4,