{"":0.6606653022865294,"ب+":0.39521964768657264,"ف+ب+ال+":1.0,"ب+ال+":0.9632902787219578,"ف+ال+":0.84251968503937,"ك+":0.058442237323575535,"ف+":0.06963619551701049,"ف+ك+":0.012195121951219513,"ف+ل+ال+":1.0,"ف+ب+":0.02564102564102564,"و+ل+":0.09123823316437364,"س+":0.19614181438998957,"و+ب+ال+":0.9440993788819876,"ال+":0.9451278204003057,"و+":0.6656555960837013,"و+ال+":0.9502419524510836,"ل+":0.3842166988234404,"و+س+":0.255393180236604,"ف+ل+":0.03296703296703297,"ك+ال+":0.6554621848739496,"و+ك+ال+":0.009615384615384616,"ل+ال+":0.9967099851949334,"و+ك+":0.044857768052516414,"و+ب+":0.20334448160535118,"ف+س+":0.4657534246575342,"و+ل+ال+":1.0}