{"":0.6606653022865294,"ب+":0.017196278327187262,"ف+ب+ال+":9.541119841235765E-6,"ب+ال+":0.004506588938343693,"ف+ال+":3.402999410040757E-4,"ك+":8.889143318751322E-4,"ف+":0.003472967622209819,"ف+ك+":3.180373280411922E-6,"ف+ل+ك+":1.590186640205961E-6,"ف+ل+ال+":6.360746560823844E-6,"ف+ب+":3.180373280411922E-6,"و+ل+":4.0072703333190215E-4,"س+":0.0029911410702274125,"و+ب+ال+":2.4170836931130608E-4,"ال+":0.21235193374646383,"و+":0.05513813156250149,"و+ال+":0.014364155920980445,"ل+":0.01614993551793174,"و+س+":5.835984969555876E-4,"ف+ل+":4.770559920617883E-5,"ك+ال+":1.2403455793606497E-4,"و+ك+ال+":3.180373280411922E-6,"ل+ال+":0.009634940853007918,"ف+و+":1.590186640205961E-6,"ل+ك+":2.2262612962883455E-5,"و+ك+":1.303953044968888E-4,"و+ب+":4.8341673862261215E-4,"ف+س+":5.406634576700267E-5,"و+ل+ال+":1.828714636236855E-4}