{"":{"":0.7119006043453142,"ب+":0.014244200513682697,"ف+ب+ال+":4.3275711723173925E-6,"ب+ال+":0.004046279046116762,"ف+ال+":3.094213388206936E-4,"ك+":9.26100230875922E-4,"ف+":0.00396621897942889,"ف+ك+":4.3275711723173925E-6,"ف+ل+ك+":2.1637855861586962E-6,"ف+ب+":4.3275711723173925E-6,"و+ل+":3.570246217161849E-4,"س+":0.0034858585793016597,"و+ب+ال+":2.7047319826983704E-4,"ال+":0.17196253188879007,"و+":0.05467453419105794,"و+ال+":0.011543796102156645,"ل+":0.012489370403307996,"و+س+":7.400146704662742E-4,"ف+ل+":3.678435496469784E-5,"ك+ال+":1.2549956399720438E-4,"و+ك+ال+":2.1637855861586962E-6,"ل+ال+":0.008057937522854984,"ف+و+":2.1637855861586962E-6,"ل+ك+":3.029299820622175E-5,"و+ك+":1.3848227751415656E-4,"و+ب+":4.435760451625328E-4,"ف+س+":5.84222108262848E-5,"و+ل+ال+":1.731028468926957E-4},"+ات+ك":{"":1.0},"+كن+نا":{"":0.972972972972973,"و+":0.02702702702702703},"+كن+ن":{"":1.0},"+ن+نا":{"":1.0},"+ان+هما":{"":1.0},"+نا+ها":{"":0.8888888888888888,"و+":0.1111111111111111},"+ات+ه":{"":0.7245508982035929,"و+":0.20958083832335328,"ب+":0.059880239520958084,"ل+":0.005988023952095809},"+ات+ي":{"":0.8461538461538461,"و+":0.07692307692307693,"ب+":0.07692307692307693},"+ان+نا":{"":1.0},"+نا":{"":0.7827715355805244,"و+":0.10968432316746923,"ب+":0.023542001070090957,"و+ل+":0.001070090957731407,"و+ك+":0.001070090957731407,"ل+":0.06420545746388442,"و+س+":0.001070090957731407,"س+":0.002675227394328518,"ك+":5.350454788657035E-4,"ف+":0.011771000535045479,"و+ب+":0.0016051364365971107},"+ي+ه":{"":0.7567567567567568,"و+":0.10810810810810811,"ب+":0.08108108108108109,"ل+":0.05405405405405406},"+ين+ا":{"":1.0},"+هم+نا":{"":1.0},"+_":{"":1.0},"+ي+ي":{"":1.0},"+ي+نا":{"":0.75,"و+":0.125,"ب+":0.0625,"ل+":0.0625},"+ي+هم+نا":{"و+":1.0},"+ات+هما":{"":0.8095238095238095,"و+":0.09523809523809523,"ب+":0.047619047619047616,"ل+":0.047619047619047616},"+ا+نا":{"":1.0},"+ن+ه":{"":0.5,"و+":0.5},"+ي+ك":{"":1.0},"+ون+ها":{"":0.7407407407407407,"و+":0.1111111111111111,"و+س+":0.037037037037037035,"س+":0.1111111111111111},"+ات+نا":{"":0.7375,"و+":0.1,"ب+":0.025,"ل+":0.1125,"ف+":0.025},"+ت+كم":{"":0.875,"و+":0.08333333333333333,"ل+":0.041666666666666664},"+ت+كن":{"":0.25,"ل+":0.5,"ف+ل+":0.25},"+ت+هم":{"":0.7901907356948229,"و+":0.11716621253405994,"ب+":0.0326975476839237,"و+ل+":0.0027247956403269754,"ل+":0.051771117166212535,"ف+":0.0027247956403269754,"و+ب+":0.0027247956403269754},"+ين":{"":0.2129754518478554,"ل+ال+":0.050310223900728354,"و+":0.020097113568923658,"ب+":0.003911518748314,"و+ال+":0.06514701915295387,"ب+ال+":0.0048556784461828975,"ل+":0.009036957108173725,"ك+":0.002023199352576207,"ال+":0.6304289182627462,"ك+ال+":6.74399784192069E-4,"و+ل+ال+":5.395198273536552E-4},"+ان+ه":{"":1.0},"+ها":{"":0.7393919144670899,"و+":0.09032186212273081,"ب+":0.08363960351932287,"ل+":0.07138879607974162,"و+س+":2.2274195344693172E-4,"ف+ل+":1.1137097672346586E-4,"ك+":0.0012250807439581244,"ف+":0.005011693952555964,"و+ل+":0.0014478226974050563,"و+ك+":3.341129301703976E-4,"س+":0.005791290789620225,"و+ب+":8.909678137877269E-4,"ف+س+":2.2274195344693172E-4},"+ت+ه":{"":0.7979957805907173,"و+":0.10917721518987342,"ب+":0.04377637130801688,"و+ل+":0.0010548523206751054,"ل+":0.03955696202531646,"ك+":0.0010548523206751054,"ف+":0.0015822784810126582,"و+ب+":0.0058016877637130804},"+ت+هما":{"":0.6779661016949152,"و+":0.13559322033898305,"ب+":0.11864406779661017,"ل+":0.06779661016949153},"+ت+ي":{"":0.8607594936708861,"و+":0.05063291139240506,"ب+":0.08860759493670886},"+هم+ة":{"":0.5,"ب+":0.5},"+ون+نا":{"":0.75,"و+س+":0.125,"س+":0.125},"+ت+ك":{"":0.7333333333333333,"و+":0.16666666666666666,"ل+":0.1},"+ت+ها":{"":0.8151840490797546,"و+":0.1196319018404908,"ب+":0.036042944785276074,"ل+":0.026840490797546013,"ك+":0.0015337423312883436,"ف+":7.668711656441718E-4},"+ت+ين":{"":0.460573476702509,"ل+ال+":0.008960573476702509,"و+":0.010752688172043012,"ب+":0.01971326164874552,"و+ال+":0.005376344086021506,"ب+ال+":0.010752688172043012,"ل+":0.007168458781362007,"و+ب+ال+":0.0017921146953405018,"ال+":0.47491039426523296},"+ا+هم":{"":1.0},"+نا+ه":{"":0.8947368421052632,"و+":0.05263157894736842,"ف+":0.05263157894736842},"+هم":{"":0.7286995515695067,"و+":0.12144992526158445,"ب+":0.042227204783258594,"و+ال+":7.473841554559044E-4,"ل+":0.08333333333333333,"ف+ل+":3.736920777279522E-4,"ك+":7.473841554559044E-4,"ف+":0.01382660687593423,"و+ل+":0.0011210762331838565,"و+ك+":3.736920777279522E-4,"س+":0.0033632286995515697,"ال+":0.0011210762331838565,"و+ب+":0.002242152466367713,"ف+س+":3.736920777279522E-4},"+وا":{"":0.800810654313839,"و+":0.16502605674580198,"و+ل+":0.0011580775911986102,"ل+":0.012738853503184714,"ف+ل+":0.0028951939779965257,"ف+":0.017371163867979156},"+هن":{"":0.6086956521739131,"و+":0.13043478260869565,"ب+":0.08695652173913043,"ل+":0.13043478260869565,"ك+":0.043478260869565216},"+كم":{"":0.7354497354497355,"و+":0.12169312169312169,"ب+":0.042328042328042326,"و+ل+":0.005291005291005291,"ل+":0.07407407407407407,"ال+":0.021164021164021163},"+كن":{"":0.1111111111111111,"ل+":0.8888888888888888},"+ات":{"":0.36182523505818925,"و+":0.028930238674469064,"ب+":0.01571437964363206,"و+ال+":0.05950424090998751,"ل+":0.017818397001775264,"ب+ال+":0.0119008481819975,"ك+":3.9450325465185086E-4,"ف+ال+":6.575054244197515E-4,"ف+":1.9725162732592543E-4,"ك+ال+":1.315010848839503E-4,"ل+ال+":0.028272733250049312,"و+ل+":3.9450325465185086E-4,"و+ب+ال+":6.575054244197515E-5,"ال+":0.47399566046419883,"و+ب+":6.575054244197515E-5,"و+ل+ال+":1.315010848839503E-4},"+كما":{"":0.9800995024875622,"و+":0.01990049751243781},"+ي+هم":{"":0.8,"و+":0.2},"+ي+هما":{"":0.8947368421052632,"ب+":0.05263157894736842,"ل+":0.05263157894736842},"+ي+كن":{"و+ل+":0.5,"ل+":0.25,"ف+ل+":0.25},"+هم+ه":{"":1.0},"+هما":{"":0.7648054145516074,"و+":0.09644670050761421,"ب+":0.06091370558375635,"و+ل+":0.00338409475465313,"ل+":0.0676818950930626,"ف+":0.005076142131979695,"و+ب+":0.001692047377326565},"+ي+كم":{"":1.0},"+هم+ي":{"":1.0},"+ات+هم":{"":0.7288135593220338,"و+":0.22033898305084745,"ب+":0.022598870056497175,"ل+":0.02824858757062147},"+ا":{"":0.9274728478752096,"و+":0.07092353670092573,"ل+":2.1867483052700635E-4,"ف+":0.0013849405933377067},"+ات+هن":{"":1.0},"+ات+كم":{"":1.0},"+ة":{"":0.37957432489273996,"و+":0.021908687762141114,"ب+":0.023747431167301613,"ف+ب+ال+":4.8071723010732015E-5,"و+ال+":0.026463483517407974,"ل+":0.024288238051172348,"ب+ال+":0.008905286687738104,"ك+":9.253806679565912E-4,"ف+ال+":6.369503298921991E-4,"ف+":2.6439447655902606E-4,"ك+ال+":1.5623309978487904E-4,"و+ك+ال+":1.2017930752683004E-5,"ل+ال+":0.018339362328594264,"ف+ل+ال+":4.8071723010732015E-5,"و+ل+":3.124661995697581E-4,"و+ك+":3.605379225804901E-5,"و+ب+ال+":3.004482688170751E-4,"ال+":0.4930836808518309,"و+ب+":6.008965376341502E-4,"و+ل+ال+":3.485199918278071E-4},"+ت":{"":0.7107231920199502,"و+":0.2771332538219668,"ل+":0.0020600672232462323,"ف+":0.010083486934836822},"+ت+نا":{"":0.8373493975903614,"و+":0.0783132530120482,"ب+":0.024096385542168676,"ل+":0.04819277108433735,"ف+":0.012048192771084338},"+كن+ت":{"":0.8269230769230769,"و+":0.15384615384615385,"ف+":0.019230769230769232},"+ا+ها":{"":0.8,"و+":0.2},"+ا+هما":{"":1.0},"+ون":{"":0.5926626323751891,"و+":0.06202723146747353,"و+ال+":0.03177004538577912,"و+س+":0.0030257186081694403,"ف+ال+":0.0011346444780635401,"س+":0.03744326777609682,"ال+":0.2670196671709531,"ف+":0.0045385779122541605,"ف+س+":3.7821482602118004E-4},"+ن+ها":{"":1.0},"+ان":{"":0.5292035398230088,"و+":0.047787610619469026,"و+ال+":0.033628318584070796,"و+س+":0.007079646017699115,"ف+ال+":0.008849557522123894,"س+":0.07964601769911504,"ال+":0.2938053097345133},"+ان+ها":{"":1.0},"+ا+ي":{"":1.0},"+هم+ها":{"":1.0},"+ا+ه":{"":0.8125,"و+":0.1875},"+ون+ه":{"":0.9130434782608695,"و+":0.043478260869565216,"و+س+":0.043478260869565216},"+هن+ات":{"و+":1.0},"+ي+ها":{"":0.7741935483870968,"و+":0.12903225806451613,"ب+":0.03225806451612903,"ل+":0.06451612903225806},"+ك":{"":0.8711656441717791,"و+":0.05521472392638037,"ب+":0.03680981595092025,"و+ك+":0.006134969325153374,"ل+":0.012269938650306749,"س+":0.006134969325153374,