{"":0.7349095263311055,"+ات+ك":0.3333333333333333,"+ان+هما":0.5,"+نا+ها":0.6206896551724138,"+ات+ه":0.6929460580912863,"+ات+ي":0.07103825136612021,"+ان+نا":0.03125,"+نا":0.5575775656324582,"+ي+ه":0.060556464811783964,"+ين+ا":0.010723860589812333,"+ي+ي":0.08791208791208792,"+ي+نا":0.04289544235924933,"+ات+هما":0.9545454545454546,"+ا+نا":0.003048780487804878,"+ن+ه":8.058017727639E-4,"+ي+ك":0.010899182561307902,"+ون+ها":0.38571428571428573,"+ات+نا":0.851063829787234,"+ت+كم":0.6666666666666666,"+ت+كن":0.05333333333333334,"+ت+هم":0.4946091644204852,"+ين":0.5260394494110969,"+ان+ه":0.045454545454545456,"+ها":0.8215004574565417,"+ت+ه":0.7993254637436762,"+ت+هما":0.5959595959595959,"+ت+ي":0.01592099959693672,"+ون+نا":0.5714285714285714,"+ت+ك":0.6521739130434783,"+ت+ها":0.7180616740088106,"+ت+ين":0.7793296089385475,"+ا+هم":0.015873015873015872,"+نا+ه":0.5,"+هم":0.6994249869315212,"+هن":0.184,"+وا":0.8994791666666667,"+كم":0.26961483594864477,"+كن":0.011538461538461539,"+ات":0.9446583850931677,"+كما":0.7710997442455243,"+ي+هم":0.08333333333333333,"+ي+هما":0.3275862068965517,"+ي+كن":0.03571428571428571,"+هما":0.7332506203473945,"+ي+كم":0.05555555555555555,"+ات+هم":0.8894472361809045,"+ا":0.28838392331623647,"+ات+هن":1.0,"+ات+كم":0.7142857142857143,"+ة":0.9983083383323336,"+ت":0.3175636125744586,"+ا+ها":0.021929824561403508,"+ا+هما":0.08,"+ون":0.3466631703159827,"+ن+ها":0.001182033096926714,"+ان":0.054748062015503876,"+ان+ها":0.0136986301369863,"+ا+ي":0.009433962264150943,"+ا+ه":0.022099447513812154,"+ون+ه":0.2875,"+ي+ها":0.05073649754500818,"+ك":0.028900709219858156,"+ن":6.444361183964031E-4,"+ات+ها":0.8313725490196079,"+ه":0.591854124062713,"+ون+هم":0.3333333333333333,"+ي":0.018718948125595946}