{"":0.7349095263311055,"+ات+ك":1.590186640205961E-6,"+كن+نا":5.883690568762055E-5,"+كن+ن":3.180373280411922E-6,"+ن+نا":1.590186640205961E-6,"+ان+هما":1.590186640205961E-6,"+نا+ها":2.8623359523707297E-5,"+ات+ه":5.31122337828791E-4,"+ات+ي":2.0672426322677493E-5,"+ان+نا":1.590186640205961E-6,"+نا":0.002972058830544941,"+ي+ه":1.7651071706286167E-4,"+ين+ا":6.360746560823844E-6,"+هم+نا":3.180373280411922E-6,"+_":4.277602062154035E-4,"+ي+ي":1.2721493121647688E-5,"+ي+نا":2.5442986243295376E-5,"+ي+هم+نا":1.590186640205961E-6,"+ات+هما":3.339391944432518E-5,"+ا+نا":1.590186640205961E-6,"+ن+ه":3.180373280411922E-6,"+ي+ك":6.360746560823844E-6,"+ون+ها":4.2935039285560944E-5,"+ات+نا":1.2721493121647687E-4,"+ت+كم":3.816447936494306E-5,"+ت+كن":6.360746560823844E-6,"+ت+هم":5.835984969555876E-4,"+ين":0.011789643750486994,"+ان+ه":7.950933201029805E-6,"+ها":0.014278285842409323,"+ت+ه":0.003014993869830502,"+ت+هما":9.38210117721517E-5,"+ت+ي":1.256247445762709E-4,"+هم+ة":3.180373280411922E-6,"+ون+نا":1.2721493121647688E-5,"+ت+ك":4.770559920617883E-5,"+ت+ها":0.002073603378828573,"+ت+ين":8.873241452349262E-4,"+ا+هم":3.180373280411922E-6,"+نا+ه":3.021354616391326E-5,"+هم":0.004255339449191152,"+وا":0.0027462523276356944,"+هن":3.65742927247371E-5,"+كم":3.005452749989266E-4,"+كن":2.8623359523707297E-5,"+ات":0.02418514861089246,"+كما":9.588825440441944E-4,"+ي+هم":2.3852799603089414E-5,"+ي+هما":3.021354616391326E-5,"+ي+كن":6.360746560823844E-6,"+هم+ه":1.590186640205961E-6,"+هما":9.39800304361723E-4,"+ي+كم":1.590186640205961E-6,"+هم+ي":1.590186640205961E-6,"+ات+هم":2.814630353164551E-4,"+ا":0.021815770516985578,"+ات+هن":4.7705599206178826E-6,"+ات+كم":7.950933201029805E-6,"+ة":0.1323178401448978,"+ت":0.014666291382619578,"+ت+نا":2.6397098227418954E-4,"+كن+ت":8.268970529070997E-5,"+ا+ها":7.950933201029805E-6,"+ا+هما":3.180373280411922E-6,"+ون":0.004204453476704561,"+ن+ها":3.180373280411922E-6,"+ان":8.984554517163679E-4,"+ان+ها":1.590186640205961E-6,"+ا+ي":3.180373280411922E-6,"+هم+ها":1.590186640205961E-6,"+ا+ه":2.5442986243295376E-5,"+ون+ه":3.65742927247371E-5,"+هن+ات":1.590186640205961E-6,"+ي+ها":9.859157169276959E-5,"+ك":2.592004223535716E-4,"+ن":6.837802552885632E-5,"+ات+ها":6.742391354473275E-4,"+ه":0.01656815460430591,"+ون+هم":1.2721493121647688E-5,"+ي":0.0017794188503904703}